b_bonuskey,b_date,b_amount,b_reason,b_facultykey
25,2024-04-19,1437,Four young like draw alone physical record statement.,940
70,2016-12-25,2432,Concern anyone tend until dinner offer.,869
73,2018-05-25,4777,Continue know miss just during.,969
77,2022-03-06,4755,Agent respond you writer can.,905
97,2018-12-19,2744,Question go value couple.,945
101,2024-03-11,3314,Score evidence office right four arm.,913
102,2018-02-21,4682,Morning accept coach million future.,859
135,2019-06-29,4397,Party onto question care reduce operation rather cell.,898
155,2019-04-14,1181,Later lay nor pull often health teacher.,855
162,2021-07-23,4112,Husband for its have special itself either.,954
188,2018-03-10,4389,Contain night beyond they lose soon.,984
258,2016-08-21,2691,Institution goal including number cold.,965
264,2019-11-27,4727,Station century specific fine.,854
268,2014-12-24,3164,Couple the high I.,915
302,2019-07-29,3450,Drug plant serve wind figure listen.,894
302,2019-07-29,3450,Drug plant serve wind figure listen.,941
348,2017-01-16,1990,Account option already finish write move play.,852
363,2015-05-22,2270,Degree recognize how level oil.,957
376,2021-05-24,124,Before likely activity program.,959
391,2015-09-29,4759,Phone song community mind marriage data.,916
401,2023-10-09,4801,Stock toward himself.,942
430,2019-10-28,2145,Trade before wind computer hotel.,890
438,2024-06-26,2150,Open finish probably impact.,900
440,2016-05-17,957,Fund provide rise strong environment certain begin.,885
461,2022-08-25,2286,Majority production ahead vote quality experience.,895
562,2022-11-08,643,Car well ready address.,860
617,2015-01-09,2244,Drop many customer all.,992
645,2016-12-23,1810,Start small beautiful sister adult threat.,854
723,2017-09-18,2432,Western south would so field.,870
741,2015-08-21,1971,Family structure style senior clearly seven amount.,927
752,2022-01-07,793,Involve politics southern lead marriage keep.,947
759,2019-06-17,4049,Most recent commercial huge raise.,967
760,2017-05-11,4192,Board minute meeting service less staff.,965
768,2024-06-17,4804,Method ahead tonight family.,969
784,2017-12-07,3753,Feeling identify bar short according table form.,960
808,2023-02-03,4483,Tonight any feel goal open least address.,958
845,2015-03-14,4420,Agency single result quite beat present cultural laugh.,993
873,2018-01-20,1061,Specific together by past indeed green.,959
919,2018-12-26,2214,Traditional old north others various career thousand begin.,899
925,2016-03-20,301,Approach more industry education anything.,899
973,2015-05-04,3674,Face offer but take throw deep area.,881
1001,2021-07-23,3217,Fight me act compare.,857
1013,2021-06-08,3251,Big very last science would.,912
1040,2024-11-05,3179,Bank father for.,864
1076,2018-08-10,2582,Miss heart white building money generation us compare.,937
1101,2017-03-07,2568,Ten sure support interest factor total citizen meeting.,977
1174,2024-03-27,2752,Government letter debate foot foreign party consider.,966
1191,2023-02-16,3211,Never wrong technology.,902
1193,2020-04-22,2704,Where where race million kid.,917
1274,2019-08-21,1621,Perform beat hold determine.,951
1303,2023-10-07,3627,Form call power development name particular option.,960
1333,2020-12-06,1057,Charge sister possible today of type entire line.,945
1339,2019-03-11,724,Mission performance then position trip.,887
1394,2020-12-25,1652,Break away city part open cultural evidence.,962
1403,2015-04-25,4582,Return thus brother fight decision our.,976
1418,2024-03-06,1999,Foot meet upon.,921
1438,2016-02-09,2618,Professor section simply speech unit community.,894
1465,2024-09-27,1425,Suddenly down listen friend role hotel leg.,889
1495,2022-09-15,2568,How grow set.,897
1517,2018-05-05,2625,Cup four perhaps spring.,903
1582,2016-09-06,2402,Cultural today once ability reveal during.,903
1637,2014-12-12,803,Close own represent read.,893
1655,2018-09-11,1112,Stand visit short deep real manage alone.,978
1659,2019-01-23,3425,Hard open role bar.,988
1729,2020-04-12,773,According only eat evening.,997
1737,2017-03-11,3314,Wonder fly step.,860
1792,2020-07-04,157,Difficult public example single bed soon report deep.,972
1800,2017-06-14,1996,Officer off sell girl yeah inside generation rest.,888
1862,2019-01-07,385,Blue face say training big.,944
1943,2017-08-21,1772,Free detail style.,999
1978,2016-09-19,2690,Science in owner against.,927
1995,2020-02-22,3861,Big order pressure give season.,926
2131,2020-05-20,3671,Time home model religious.,986
2147,2018-01-18,1709,Senior resource president firm that.,950
2155,2020-10-15,4374,Them draw daughter single brother challenge phone.,858
2176,2015-08-28,2237,Girl participant seem.,995
2191,2022-07-29,1832,Collection available special drop federal.,856
2203,2018-12-01,744,Sign argue whom.,880
2222,2016-11-05,2461,Billion catch phone choice I true true.,910
2386,2021-10-11,4982,Tree shoulder conference.,896
2416,2015-04-24,672,Military trial middle resource inside occur.,922
2423,2021-03-07,754,Interview everyone likely participant.,953
2472,2020-05-03,4389,Large put almost next keep lay.,972
2541,2017-09-08,3694,Establish order matter.,972
2553,2014-12-16,1819,Seek avoid accept concern.,863
2555,2023-11-29,4885,Dinner conference look charge break sport serious.,885
2635,2017-08-30,866,East identify them political.,865
2641,2023-01-10,4247,Might serious score economy.,956
2674,2024-04-22,854,Pay option choose student bring society sense.,923
2686,2020-02-17,2862,Rate least collection tend own lay.,991
2695,2021-02-11,3641,Public before magazine most east recent prove.,960
2720,2016-01-22,896,Through hundred manager need garden spend significant.,931
2721,2017-02-09,3906,Small step garden expect my stand.,851
2763,2021-05-28,4505,May study scene green home dinner back.,895
2765,2020-07-15,4764,Common significant everything market special left.,854
2797,2018-12-14,3556,Day strategy election office.,945
2800,2020-11-25,605,Kind future over billion tell single face.,861
2804,2017-04-16,3332,Off scientist officer produce art.,896
2852,2017-02-26,1059,Sign art specific find affect two.,946
2876,2022-04-03,1229,Consider provide bag kind adult cost.,872
2878,2023-05-16,745,Ground church effect per father school.,952
2881,2019-07-16,3540,Something PM between space well expert expect.,871
2884,2022-06-25,666,Policy certain seat argue know.,962
2885,2014-11-07,3529,American over perhaps.,971
2892,2022-03-08,4898,Later catch analysis stuff garden between challenge.,881
2896,2024-10-28,3272,Occur explain college third one scene here message.,886
2908,2017-10-12,631,Day threat air establish some.,999
2910,2023-09-19,4431,Carry action would bad same.,927
2924,2015-12-07,3612,Card represent second direction.,929
2928,2024-07-16,1598,Feel if return agreement participant.,939
2940,2018-07-16,841,Leader sure wide son garden even.,906
2947,2020-12-26,3179,Open hear friend land including.,873
3004,2017-05-22,3096,Take voice firm adult fill evidence pattern.,889
3017,2020-11-08,859,Address though foot as like.,969
3026,2019-06-23,3589,Most manager program teach protect stop.,921
3051,2016-06-18,996,I like clear military assume peace short wish.,901
3059,2016-11-01,2938,Name enter summer glass.,892
3070,2018-03-06,2269,Southern common stage common.,938
3085,2021-09-14,2592,Light until eight door.,941
3086,2022-03-14,4400,Growth tough pretty require source.,883
3121,2019-05-14,3142,Better north material they conference claim give.,885
3170,2015-01-03,4395,City song so marriage.,955
3177,2019-07-26,1957,Way different today community should.,943
3184,2018-10-02,846,Away brother information bring.,929
3240,2015-08-17,2665,Source give different resource cold commercial.,919
3243,2022-02-01,2817,Need from fine happen.,924
3270,2019-08-26,4883,Main his teach mention institution price myself.,866
3270,2019-08-26,4883,Main his teach mention institution price myself.,904
3302,2014-12-11,4171,Scientist most use employee.,886
3318,2016-05-18,2646,Decade grow region present.,930
3336,2022-06-05,4255,Research network win identify generation surface.,875
3387,2017-03-27,4919,Arm fill citizen word Republican.,919
3425,2016-04-12,693,We fast care improve.,911
3491,2015-01-28,4891,At option difficult bill develop growth world tough.,948
3544,2020-06-24,1566,Whose arm thought contain however debate most.,949
3569,2022-05-13,3479,Water word this machine agent.,970
3589,2016-09-28,3724,Sit home city police shoulder.,916
3596,2016-12-23,4208,Popular decide modern little near over culture.,906
3611,2023-12-08,4543,Wind very dinner include hard.,951
3673,2018-03-21,4177,Design short institution morning.,880
3681,2024-08-11,1667,Pattern true apply investment.,975
3686,2016-05-20,3054,Evidence letter future fast land movement yes.,881
3824,2022-05-22,4734,Quite face may prepare off build military stock.,986
3831,2015-03-30,1355,Full race Democrat real.,949
3840,2015-03-21,1916,Each power agree develop sure set.,975
3851,2017-05-25,2737,Late leave develop coach baby mention line.,918
3863,2019-09-15,3394,House arrive itself able drug open.,889
3948,2023-05-02,1551,Turn will way letter image the.,856
3962,2020-08-08,321,Half statement soon could picture.,908
4007,2020-04-09,3297,Among west figure.,920
4113,2020-12-12,4779,Too particularly nature.,918
4138,2017-08-10,3157,Tax check economic effect simply view state.,901
4196,2019-06-01,4286,Bring job always scientist assume conference forward story.,970
4209,2021-09-05,4709,Part return as bag term.,988
4247,2022-09-14,3669,Benefit executive arm.,879
4251,2017-02-17,2341,Several other start general we onto matter.,995
4306,2023-07-13,4891,Consider sister on million run party raise.,937
4394,2019-09-01,1345,Pm main stop she decide now rich.,895
4431,2024-10-17,1269,Between require be go spring tree discussion.,866
4445,2024-02-07,338,Leg test meeting page.,968
4465,2014-11-07,2645,Side close although her buy them present.,957
4488,2018-03-19,3255,Coach almost under green thank machine community.,936
4516,2018-02-20,1281,Religious discussion present determine change owner while.,935
4521,2022-05-24,142,Many reason hear science think source.,884
4534,2016-11-18,2532,Hospital number else campaign for commercial theory.,990
4556,2024-03-19,4343,Wife approach seek fine agency act.,951
4617,2016-07-28,4871,Group large test.,936
4647,2021-03-15,305,Himself debate sure total.,875
4659,2021-11-09,1401,Health why bring reality.,873
4681,2020-03-04,4673,Build leave season west nothing question thing.,932
4683,2022-06-18,3110,Around set blue field individual issue cost.,937
4707,2019-04-03,4747,Trade brother dinner stop finally shake.,933
4711,2018-02-06,1483,Fall left decide performance special office.,992
4716,2019-10-31,4163,Local top race phone speech.,964
4806,2023-12-06,2411,Particular grow lose bring newspaper.,874
4831,2024-03-01,2469,Entire service occur traditional.,852
4928,2018-10-07,4763,Popular design production want.,912
4934,2020-07-17,3388,Through life help toward while television start grow.,858
4974,2018-06-22,1324,Good blue any find.,857
5003,2022-04-08,3317,Bring social unit big scientist thus forward.,989
5091,2016-01-29,2043,Mother tough their half choice.,877
5110,2020-06-27,125,Heart cup fill personal believe.,914
5134,2023-05-20,3798,Effort because call subject hope keep.,982
5242,2019-06-20,2156,Small southern defense court.,868
5308,2017-09-02,3304,Candidate space to music challenge act world.,869
5321,2022-08-05,2255,Camera particularly arrive only marriage purpose.,939
5372,2017-11-11,3207,Part response nearly this over matter.,916
5394,2017-10-21,3248,Accept face peace else give over.,891
5494,2021-05-27,3666,Pay no stage group.,976
5509,2020-10-27,3624,As marriage leader point opportunity.,897
5517,2015-07-14,3087,Check garden leg popular down.,932
5555,2020-12-01,141,Difference attack adult write.,894
5699,2023-08-15,4614,Actually ago someone event deep building responsibility.,934
5702,2015-04-29,4885,Lawyer compare blue organization.,882
5717,2023-05-24,952,Reason church suggest require simple may bar again.,952
5750,2021-08-09,3424,Them health cut stuff though possible pay.,853
5760,2022-08-12,2606,Within example total figure fish TV.,966
5769,2020-01-08,335,Moment several institution along.,925
5783,2017-12-12,5000,Approach option lot organization.,984
5838,2020-02-18,3272,Enough wrong person watch include player rest.,956
5855,2016-01-05,4420,She thought institution call government less.,983
5859,2019-01-13,2659,Ok skill ball career position great guy.,938
5881,2022-03-29,2765,The example practice degree news.,874
5885,2018-10-20,3970,Middle seven analysis relationship no from nice eye.,860
5890,2021-08-17,2442,Can quality thus center.,990
5892,2020-12-21,4694,There data low authority.,888
5981,2019-05-04,620,Meet society may deal speak must toward close.,959
5984,2021-02-25,2088,Begin little since why husband rock word.,917
6008,2020-05-01,1198,Development paper machine view style most.,973
6033,2019-03-29,763,Every piece short market those measure ability.,974
6043,2016-03-25,3990,Return key everything social.,971
6085,2022-02-10,1208,Maintain dark own mother write.,911
6130,2019-06-27,3363,Think ground have.,940
6177,2019-12-25,292,Ask support compare anything often image magazine.,926
6178,2016-01-19,3626,Analysis close majority thank approach.,886
6189,2021-07-29,3216,Building opportunity that.,963
6207,2020-10-27,1559,Cause never expect outside anything century.,987
6301,2016-12-06,4449,Whether away most do operation girl.,1000
6332,2017-11-25,2673,Painting table cell ever.,939
6389,2014-12-05,4525,Let list mouth question.,858
6392,2021-06-16,744,How color movement deep.,975
6398,2016-08-03,223,Network pass yes worker notice.,952
6461,2018-07-01,324,Off letter strong eat player sometimes significant maintain.,864
6465,2024-05-07,4707,Wait beyond garden determine school.,957
6479,2024-04-11,1427,Study indicate minute.,982
6620,2015-01-16,3885,Place card system star loss pay.,926
6641,2016-07-07,3973,Pick approach stage same contain.,985
6683,2022-01-07,791,Control understand protect medical.,900
6720,2019-06-03,2303,Reach eight personal might.,984
6731,2017-12-11,2935,Couple crime girl direction brother teacher around.,903
6754,2022-03-22,3370,What campaign adult perform.,909
6758,2018-08-17,3044,Sure major system almost cultural old relationship.,920
6784,2023-06-15,1131,World star direction next.,868
6793,2021-10-07,3334,Until ground security sense care.,902
6822,2020-05-19,2938,Trade travel hear cover first affect edge market.,910
6885,2022-04-19,1465,Value citizen daughter hospital.,904
6885,2022-04-19,1465,Value citizen daughter hospital.,982
6893,2019-04-15,2473,Game situation once role bill improve.,977
6957,2017-08-21,173,Grow conference agree from pass wind.,978
6968,2015-08-09,1830,Ready rock call when.,851
6982,2018-06-28,3933,Mouth official seven specific.,876
7059,2019-08-07,4891,Usually trade arrive article another.,907
7068,2019-05-09,4109,Movie visit sister part service young.,863
7076,2018-05-11,1102,Dream generation item prepare investment charge two.,914
7136,2022-05-22,4105,West feel those or technology investment professional.,983
7145,2023-05-08,1266,Law prove red case.,857
7330,2017-07-23,132,Candidate recent collection value.,994
7344,2023-08-29,546,Power within know follow.,964
7426,2023-09-19,1695,Tree ask year interview long.,961
7477,2020-01-02,3918,Red hair someone recognize focus.,877
7488,2022-11-07,2674,Author forward would school.,923
7508,2015-06-11,2311,Strategy executive born PM.,938
7523,2016-04-14,4555,Reflect who drop least indicate.,962
7530,2016-06-25,3471,Box try require one.,966
7531,2022-08-14,267,Everybody keep role hear up around.,879
7592,2018-03-13,1675,Experience no finish win require sit.,994
7594,2024-03-22,2496,Pull safe Congress work.,994
7600,2021-03-05,866,Development rise view standard open.,973
7621,2023-08-26,2036,Because new tough begin just economy.,865
7681,2015-07-20,2294,Audience community possible particularly democratic.,989
7685,2016-04-27,1538,Director range the around network beyond sometimes.,990
7702,2024-10-05,186,Treat follow myself become event over.,985
7722,2022-01-11,3604,Such then toward news.,946
7737,2022-04-15,3921,Garden first anyone stage back thank support store.,950
7767,2023-09-25,4975,Prove include career learn teacher red.,928
7818,2016-05-19,2577,Structure ability his Mrs.,986
7822,2020-06-02,4427,Floor central dream purpose hit know hour.,999
7924,2017-04-27,635,Smile usually act care language question.,996
7955,2016-07-25,4124,Central between fact what suddenly campaign member raise.,855
7990,2018-07-26,1491,Blue assume probably simply culture pass.,867
7993,2018-12-23,3021,Radio product war home item.,893
8033,2017-04-13,1782,Choose trade on prepare economic hundred turn remain.,890
8039,2015-05-03,2464,Land build baby politics buy.,980
8052,2019-02-06,1202,Against fly mean identify yet especially.,918
8052,2019-02-06,1202,Against fly mean identify yet especially.,973
8112,2017-08-09,3220,Ago letter word than son character.,862
8187,2018-12-08,1360,Easy project meeting different ability air.,863
8197,2023-07-21,2900,Listen would quality threat follow.,870
8212,2015-03-15,3580,Get hospital look.,852
8246,2024-09-27,2736,Interest including thank knowledge section involve it against.,875
8273,2016-04-18,4433,Again eye push medical.,992
8296,2024-05-22,1923,Believe fire can list.,977
8298,2020-12-20,487,Political race institution wear government when apply.,981
8324,2019-04-29,2894,Author image cost result.,883
8379,2024-02-24,4567,Data top keep.,877
8383,2022-01-02,4855,Parent least red reason institution near.,851
8395,2018-08-11,2464,Democratic example where number off key radio.,979
8471,2016-08-21,132,Bad win operation.,906
8472,2018-05-23,1231,Than region against group instead despite government.,878
8481,2015-03-25,150,Spend these fine notice.,998
8515,2019-03-30,2866,Amount class social.,923
8568,2017-11-24,2683,That book officer share.,988
8592,2022-06-05,3702,Authority look dark building sign leave.,904
8758,2021-04-21,2083,Tough trouble water coach section vote.,907
8770,2019-09-26,2455,Western behind PM race change idea agreement.,880
8795,2020-05-06,1246,Occur me debate without him wind tend.,929
