homework_id,assign_date,due_date,description
1,2024-01-20,2025-07-26,Happen along field well image hour project fund president.
2,2024-07-02,2025-01-17,Across eye television wife whether part interesting hope newspaper.
3,2024-02-27,2025-10-24,Reach today none race control smile become.
4,2023-11-12,2025-04-21,Easy upon professional break buy structure about floor police power heavy southern do.
5,2024-04-17,2024-11-21,Range most class truth offer sense.
6,2024-08-17,2025-09-03,Save individual level opportunity process much court growth place on bank color if.
7,2024-08-24,2024-11-18,School watch like to mouth born.
8,2024-02-12,2025-09-11,Happy after adult color alone hair program fall whole memory.
9,2024-02-05,2025-03-10,Free protect detail back daughter traditional Republican do attorney.
10,2024-04-19,2025-05-12,Care bed science certainly station nor remember different lawyer develop current.
11,2023-11-28,2025-05-15,American hope door no market work between top one blue natural.
12,2024-11-03,2025-01-26,Generation grow project garden according respond Mrs.
13,2024-05-25,2024-11-17,Region present be politics wear commercial gun own return health figure.
14,2024-10-18,2025-03-15,South six talk site get difference project light both not.
15,2024-01-24,2025-04-18,Tonight perform until enter suddenly who worker.
16,2024-05-11,2025-05-17,Data however man inside message window church.
17,2024-07-14,2025-02-25,Lawyer another buy city tonight treat follow cultural much attack field music movement.
18,2023-11-18,2025-03-03,Above use yes American performance do allow news third blood game quality.
19,2023-12-13,2024-11-20,Focus yeah rather kid edge concern where college service play street force.
20,2024-03-17,2025-03-26,Senior film page ahead beat stuff story.
21,2024-05-10,2025-09-22,Film year many page agent walk.
22,2024-10-03,2025-04-23,Standard accept summer law better your tell draw section success bill should safe.
23,2024-03-27,2025-10-25,Program not sea available energy name dark beautiful hear home hundred.
24,2023-12-03,2025-08-07,Car animal return defense song card compare national away can.
25,2024-01-18,2025-06-10,Sister necessary better certainly former rate about century move Mrs so prevent.
26,2024-07-02,2025-02-27,Them strong month author food work fund.
27,2024-07-26,2025-02-01,Challenge dark necessary worry decade that staff cell dream.
28,2023-11-17,2025-03-09,Anyone meet much that thus seat reach magazine.
29,2024-08-28,2025-01-27,Window himself then heart number far change brother wear offer possible.
30,2024-04-17,2025-04-26,Food civil staff upon nor today just effort special much could.
31,2024-06-28,2025-03-04,Serious reveal everybody car be baby move feeling high item production find building.
32,2024-03-23,2025-03-14,Drive central Mrs Democrat budget hear member hear.
33,2024-01-18,2025-02-16,Class subject perform listen year look.
34,2024-09-07,2025-01-29,Him wide individual order fish around writer from write.
35,2024-02-13,2025-06-30,Help dream offer stay between control.
36,2024-01-24,2025-07-05,Outside house camera learn several develop compare bar.
37,2024-07-13,2025-05-28,Life grow such sound popular cup.
38,2024-09-06,2024-11-21,Watch school charge should door enjoy open year loss total old various.
39,2024-04-07,2025-07-13,Property leg suffer school report around wind.
40,2023-12-06,2025-03-09,Training fact nice science expert travel speech TV.
41,2024-10-27,2025-10-06,Buy card between real clear could price bill production.
42,2024-02-01,2024-11-09,Just notice cause protect apply gas agree outside too common.
43,2024-05-04,2025-07-23,Tonight goal himself maintain visit professional let century across listen half several.
44,2024-10-28,2025-04-20,Past rule ability season end son record never decade.
45,2024-05-21,2025-07-03,Away low glass citizen forget best teacher establish stuff direction provide citizen set.
46,2024-01-26,2025-08-25,Hot although hope for car nice think TV nice hard behavior get debate.
47,2024-03-09,2025-03-02,Practice unit choice instead interest eight ahead industry.
48,2024-04-10,2024-11-30,Individual nor face college citizen show democratic.
49,2024-04-15,2024-12-31,Contain including because learn quickly possible weight single.
50,2024-09-11,2024-11-19,Century million value plan center church police on nation bill stand suddenly.
51,2023-12-22,2025-01-29,In after debate why nothing today cup me require modern news feeling however.
52,2024-06-11,2025-10-04,Challenge democratic admit population see off much.
53,2024-10-15,2025-07-27,Through card game window serve mention risk attack.
54,2024-05-06,2024-11-19,Nothing level kind north choose project leg conference daughter law age improve Democrat.
55,2024-05-29,2025-09-22,Describe and simple drug quite probably marriage movie hotel why tree ask.
56,2024-04-06,2025-06-13,Friend usually very sometimes seek behind ok.
57,2024-03-23,2025-03-03,Fly tonight light increase night attention rock deep student loss suggest crime.
58,2024-06-27,2025-10-27,Evidence identify behind organization student agent fund pattern live it short such possible.
59,2024-08-12,2025-05-19,Bed ahead under store magazine hot.
60,2024-07-17,2025-02-22,Value single daughter assume order doctor exactly special expect out six brother quality.
61,2024-02-23,2025-02-01,List under front law seven tax president pull south.
62,2024-04-25,2025-04-23,Actually part state none society see two around for lay pattern.
63,2024-07-09,2025-09-05,Century whose hope onto tree six mission sometimes.
64,2024-03-15,2025-02-17,Admit throughout country within break source fill already individual social speech central something with.
65,2024-09-06,2024-12-21,Believe role peace full ago finish.
66,2024-09-23,2025-02-24,None run hand degree past tend court.
67,2024-10-05,2025-05-11,Wide condition call attention trip fill care present politics board remember.
68,2024-09-02,2025-09-21,Country listen local director civil address.
69,2023-11-25,2025-02-15,Give serious hundred sometimes visit perform.
70,2024-09-08,2025-04-14,But wrong Mrs ball carry him science himself total perhaps.
71,2023-12-22,2024-12-25,According type appear make address fish.
72,2023-12-12,2024-12-24,Soldier story story program into other anything.
73,2024-05-09,2025-03-28,Really live view improve blood question course.
74,2024-01-10,2025-04-10,Show tree others dog second thousand.
75,2024-07-31,2025-01-18,Where tree site process painting glass open deep.
76,2024-10-17,2025-04-19,Friend toward one may want consider character either along explain court rule interest.
77,2023-11-27,2025-09-16,Try after their win nothing charge and.
78,2024-02-02,2025-08-25,Say economic election bag concern action situation.
79,2024-01-02,2024-11-07,Region charge outside chair everyone determine write common loss sure long what.
80,2024-03-06,2025-02-08,Reason win democratic seven time finish chair officer better.
81,2024-01-26,2025-03-09,Perform become method together data yourself concern able security.
82,2024-10-27,2025-09-12,Moment bed feel set I open.
83,2023-12-01,2025-04-11,Scientist walk door difficult condition reduce court top article young.
84,2024-10-24,2025-06-01,Forward evening bar listen approach official bit.
85,2023-11-23,2025-08-25,Across design serve surface friend consumer economy.
86,2024-01-10,2024-11-22,Lead from surface pick see much after south sort yeah.
87,2024-02-27,2024-11-30,Man through describe return general majority talk.
88,2024-08-31,2025-06-13,Million sometimes community show through firm these.
89,2024-05-30,2024-12-04,Interest area hair sort couple enter away free health assume safe ask drive.
90,2024-02-06,2025-10-11,Major art popular fund organization Congress toward throw as.
91,2024-06-09,2025-09-20,Whole ahead poor vote table board officer decision accept ask pressure.
92,2023-12-10,2025-01-10,Out reflect shoulder party PM notice option would important discuss.
93,2024-02-13,2025-01-08,Hope him happy economy alone security account technology stop former amount news force.
94,2024-01-10,2025-10-06,Rather third discussion above home talk quality while believe into executive alone.
95,2024-05-19,2025-10-22,Tree contain year customer offer step.
96,2024-07-03,2025-07-02,Difference consider early east air whose value director sister tell small future.
97,2024-01-04,2025-02-16,Across democratic her three base manager between stand about often.
98,2023-12-31,2025-05-22,Reach sort open project thing require son.
99,2024-01-15,2025-01-26,Company series paper week by wide impact customer general threat tax bring.
100,2024-04-14,2025-02-01,Say democratic marriage when car under hope population safe agency.
101,2024-06-17,2025-06-09,Friend magazine financial ability half choice effort arm place woman card weight.
102,2023-12-02,2025-06-11,Employee option hope attention process affect meet group computer after team middle different.
103,2023-12-19,2025-02-01,Coach word place already happen camera his remain us account cultural.
104,2023-12-21,2024-12-10,Difference well situation finish pull hot view black dream.
105,2024-07-03,2025-08-20,Knowledge ball candidate go increase hotel officer only.
106,2024-09-29,2025-05-02,Open whose put degree major marriage authority industry expect current president.
107,2024-10-26,2024-12-18,Share customer night capital last player spend.
108,2024-09-13,2025-07-08,Camera fish time green feeling describe attention soon glass bill pass democratic late.
109,2024-02-11,2025-03-15,Clearly different draw focus key hear possible heavy yard according less together.
110,2024-07-21,2025-11-03,Foreign cultural ok unit station subject vote system.
111,2024-08-21,2025-03-03,Certain pull understand sport determine generation night line give experience rule myself.
112,2024-03-10,2025-07-18,Project share area daughter trip wrong determine catch statement almost goal.
113,2023-12-15,2024-11-19,Some defense always idea evidence money deal risk drive table glass rest admit.
114,2024-08-01,2024-12-19,Agent car century watch join spring shoulder little age.
115,2024-08-07,2025-08-10,Blue your now right speak remain organization watch modern.
116,2024-08-25,2025-01-04,Last friend avoid able garden reality.
117,2024-05-03,2025-04-04,Provide here else serious six star hope town different admit us fall meet team.
118,2024-06-11,2025-01-25,Data employee wall father wind movement theory news difficult.
119,2023-11-23,2025-01-05,Long answer maybe audience property TV PM wish threat book.
120,2024-03-05,2025-03-01,Whatever media notice behind record believe benefit everyone finally form raise night.
121,2024-04-17,2025-06-13,Mr happy no concern seek room provide happen oil mouth within marriage yeah.
122,2023-12-23,2025-01-08,Answer important growth hundred there trip join call share no glass area.
123,2024-05-21,2025-06-27,Though focus partner financial establish that particularly price.
124,2024-05-20,2025-07-27,Turn Republican any write close since.
125,2024-10-24,2025-01-11,Voice office important whose eye position thousand her part wish born.
126,2023-11-21,2025-10-21,Eat consumer worker development around star.
127,2024-08-01,2024-12-02,Bank management catch allow government family also participant individual successful opportunity response.
128,2024-01-12,2025-01-27,Still turn drop whose finally doctor.
129,2024-08-28,2025-10-25,Country spring in cover thus would require quality whose tree.
130,2024-07-02,2025-02-02,Than clear quality set significant our make data share state save.
131,2024-07-07,2025-08-15,Already sense thank stay open sense person.
132,2024-06-13,2025-02-19,Speech movement skin from seat heavy apply fire dinner not.
133,2024-02-19,2025-04-17,Clearly staff theory major career out.
134,2024-02-14,2024-11-20,Near want ago among hair others you next teacher would court artist teacher condition.
135,2023-12-23,2025-02-15,Hotel ground himself by mouth raise deep maybe wrong foreign security.
136,2024-04-02,2025-09-27,Control author should group land build better door fire senior threat.
137,2024-03-10,2025-07-27,Customer management spring just value bring after top.
138,2024-04-02,2024-11-10,Some someone argue can campaign effect.
139,2024-04-20,2024-11-15,Name since return society cold surface court music pick its executive our.
140,2024-09-29,2025-05-16,Officer feel against mission success economy work best establish could agree address reflect.
141,2024-07-12,2025-08-08,Southern player season suggest national fire quickly goal usually score inside sort.
142,2024-04-22,2024-11-20,Wait part leave shake should shoulder part.
143,2024-02-27,2025-05-25,Remain provide growth century lose product woman network stop.
144,2024-07-19,2025-01-09,Under require occur hand close budget.
145,2024-02-24,2025-02-13,Interest order wish military be chance member.
146,2024-05-05,2025-02-12,Class material begin need middle direction indicate.
147,2023-12-04,2024-11-16,Natural watch say nature indeed lose away.
148,2024-09-13,2024-12-17,Get good play forget billion by air.
149,2024-05-12,2025-07-22,Congress race now eat material skin bring firm nothing condition skill look.
150,2024-08-07,2025-06-19,Word and floor report knowledge agency record call phone response.
151,2024-09-30,2025-08-02,Agreement there city child accept together size law.
152,2024-05-11,2025-10-02,Add me there improve happen identify lawyer apply heavy person foreign support third.
153,2024-06-17,2025-03-19,Question trial area physical by coach senior.
154,2024-06-28,2025-07-30,Wide plant capital also radio determine support hot teacher skin reduce name.
155,2023-11-25,2025-02-17,Memory class like account card light.
156,2024-05-03,2025-09-28,History act wife quite loss growth just many standard.
157,2024-09-19,2025-02-12,Campaign water wife line including together.
158,2024-04-29,2025-06-23,Officer someone rich only whose notice real owner end various amount prove.
159,2024-07-19,2025-01-03,Money hundred anyone history plant tough senior fight be price piece tree.
160,2024-03-01,2025-01-29,Stop range training program become pressure product.
161,2024-07-30,2025-06-09,Step role letter defense major cut teach.
162,2024-07-14,2025-07-14,Forward interest growth paper most capital data control.
163,2024-06-10,2025-04-03,Heart clearly difference plan himself north.
164,2024-07-06,2025-07-18,Night player avoid gas now call rest low amount what.
165,2023-11-24,2025-06-08,Answer kitchen risk thing difficult teacher better down edge address Democrat make real.
166,2024-08-13,2025-09-16,Together character give reach reach already great.
167,2024-05-08,2025-04-24,Save thing human run star experience wear size drop usually financial send compare.
168,2024-04-09,2025-09-08,Wrong any how government turn your why low value form gas outside not.
169,2024-09-22,2025-04-02,Audience save sister remain wish set picture best particular fear.
170,2023-12-22,2025-04-30,Conference weight clearly time manager through account respond leg sound.
171,2024-03-28,2025-06-27,Light miss structure civil reason family outside middle land sometimes.
172,2024-10-13,2025-08-04,Election company side owner wife ground born sing teach would administration hair reflect.
173,2024-03-27,2025-07-13,Class mind price similar wife bag per crime oil easy here model.
174,2024-07-22,2025-04-11,Color defense over middle age modern.
175,2024-07-26,2024-12-02,Best join social remain beat short way long.
176,2023-12-26,2025-06-16,Speak heavy or though design according shoulder not.
177,2024-03-15,2025-02-02,Control yeah point cause ground letter agreement yard hair consider foreign avoid.
178,2024-01-24,2025-09-28,Lead if why film drug company.
179,2023-11-16,2025-01-26,Magazine reality author out rise up large commercial economy night for world.
180,2023-12-25,2025-09-28,Art professional behind matter begin campaign note thank leader move.
181,2024-06-08,2025-03-08,Able long reflect author house outside me scientist world.
182,2024-10-07,2025-05-05,Low he evidence travel indeed east remember public option without economy.
183,2023-11-26,2025-02-06,Size painting east star better perhaps number seek price conference skill dark.
184,2023-12-12,2025-10-20,Service increase production mind then thing item.
185,2024-09-28,2025-07-15,Ok suggest rather strategy best help practice exactly return law.
186,2023-12-30,2025-04-15,Year discussion you see these would.
187,2024-03-09,2024-12-07,Wall loss camera success hard kitchen your why describe low money public.
188,2024-06-26,2025-08-13,Enjoy husband outside administration keep spring letter reality image.
189,2024-08-11,2025-07-22,Open leader check appear pay total.
190,2024-03-18,2025-09-05,Marriage young reach class road all future imagine.
191,2024-03-31,2024-12-10,Perhaps seven situation certain city age local first current almost.
192,2024-09-19,2025-07-19,Official history memory probably soon organization Mr amount.
193,2024-02-09,2025-01-11,Coach position more under war mouth.
194,2023-11-08,2025-09-24,Term instead stage condition before management heavy address order provide use matter design.
195,2024-07-28,2025-04-15,Against specific but instead care body option.
196,2024-08-15,2025-04-01,Benefit pay tax measure since sort unit hold painting important push.
197,2023-11-19,2024-11-09,Include partner lead behind great into building executive few seat support his.
198,2024-02-24,2024-11-11,Its try allow enter claim position.
199,2024-04-04,2025-05-12,Bring key read military range pay.
200,2024-10-15,2025-04-15,Lose southern opportunity build newspaper walk sure left join describe let leg.
201,2024-08-05,2025-09-20,Security occur indicate capital good mean decision off everybody nearly.
202,2024-09-07,2025-08-01,Mention fly attention small thing seven mention son spring assume become much.
203,2024-02-28,2025-10-22,Artist unit suffer only member air easy recognize reveal.
204,2024-10-23,2024-11-17,However debate physical support my everything.
205,2024-08-08,2025-10-02,Oil short he himself girl last whose girl course finally development Democrat.
206,2023-12-26,2025-02-21,Success upon piece wide not decide top already.
207,2024-10-24,2025-10-31,City none same task cost suddenly key.
208,2024-10-17,2025-03-21,Assume enough material throughout traditional include those offer contain scientist as.
209,2024-05-22,2025-05-19,Most over price chance fish south summer series prepare thousand.
210,2023-12-19,2025-05-10,Someone contain for heart Republican strong author.
211,2024-08-12,2024-11-15,Wear brother leave capital word matter discuss describe value.
212,2024-06-27,2025-01-08,System middle protect plant woman voice stay especially for body hold.
213,2024-05-28,2024-11-13,Why make star measure half animal.
214,2024-07-31,2025-01-09,Bar room read house agent sound.
215,2024-07-24,2024-11-04,Art yourself measure almost anyone more five attention radio item.
216,2024-04-17,2025-05-22,While learn investment within over follow box painting.
217,2024-06-12,2025-05-17,Remain apply last wife clearly much give.
218,2024-05-25,2024-11-15,Career determine a key draw necessary anything career low vote.
219,2024-07-30,2025-03-06,Kid responsibility policy who camera animal long take opportunity business have sister.
220,2024-08-04,2025-09-08,Accept represent decision memory ago decision sense give prove without create ground.
221,2024-04-22,2024-11-09,Ever same successful person woman Republican language offer easy say arm.
222,2024-10-16,2024-11-16,Prevent industry smile its item nearly know speech together think well price improve.
223,2024-07-14,2025-09-23,Organization leg party participant game any.
224,2023-11-22,2025-07-22,Determine check happen good thus grow concern.
225,2024-01-10,2025-10-11,Herself physical recent specific might because a major both might use compare.
226,2024-06-16,2024-12-05,Authority father event affect who expert whose herself firm wear what crime pressure.
227,2023-11-18,2025-04-26,Institution role understand force better fast employee.
228,2024-07-28,2025-05-06,Can question thought sit in local.
229,2024-07-10,2025-01-18,Authority position room participant hit series pass sport.
230,2024-01-12,2025-01-09,What cut issue college take wide dog though.
231,2024-02-29,2025-06-20,Official history war now event daughter image ground give eight table.
232,2024-10-17,2025-02-24,Tv item company system serious agree possible result peace level responsibility foot war.
233,2024-04-24,2025-05-28,Budget number still sound crime culture not loss.
234,2024-07-30,2025-08-16,Natural financial difference piece us our.
235,2024-10-22,2024-11-06,Picture perform local toward sort make price throughout drive consider unit.
236,2024-04-25,2025-01-27,With walk Mrs card question serve agency.
237,2024-06-25,2025-02-19,North write apply per me project mean second shake country research left fear.
238,2023-12-15,2025-01-28,Have quality history visit which stage whether push green daughter wall defense fight.
239,2024-10-24,2025-08-07,Nice best country here role big west.
240,2023-12-02,2024-11-17,Employee cover art shake film only game despite stay join from person.
241,2024-04-10,2025-04-16,Gun direction article wife poor late serious major sell.
242,2024-05-29,2025-06-21,We realize per resource sound choice within as religious debate television idea want.
243,2024-07-27,2024-12-12,Phone day treatment who region special room sport.
244,2024-01-13,2024-11-10,Special discussion work today respond make treatment.
245,2024-08-08,2025-08-11,Budget while them carry three already response hair against animal thousand drug upon.
246,2024-03-19,2025-05-10,Show question police physical she then another.
247,2024-05-07,2024-12-20,Maybe buy accept blood tough project firm bring.
248,2024-08-25,2025-05-16,Election nothing accept including few rise this such or.
249,2024-04-03,2025-10-04,Current long feeling store necessary opportunity drive group appear Congress.
250,2023-12-07,2025-05-17,Perhaps phone professional final believe happy why laugh.
251,2023-11-07,2025-04-21,Reach million seem tonight fund themselves stage reach make.
252,2024-03-07,2025-01-09,Summer little site finish total involve mission last price far receive hope.
253,2024-08-30,2025-08-31,Exist on room professor win try.
254,2024-03-21,2025-10-13,Necessary then pull goal long box court always administration.
255,2024-02-14,2025-10-17,Improve these wish understand she upon occur worry difference year against catch.
256,2024-02-12,2025-03-06,Ability employee character before describe inside walk picture structure.
257,2024-05-15,2025-10-03,Adult outside word money occur rock still financial.
258,2024-01-29,2024-11-18,Spend listen someone particular treat fire tonight all.
259,2024-07-26,2025-01-04,Parent project ever citizen especially pull protect letter beautiful whom nothing dog.
260,2024-04-10,2025-01-13,Off suddenly class dark agreement understand health nothing agree when.
261,2023-12-23,2024-12-19,Set but by firm wind assume pass campaign woman own whom.
262,2024-07-29,2025-02-17,Carry watch special page including add increase response someone such create type.
263,2023-12-17,2025-08-14,Example whole baby property voice bed prove system talk system let the.
264,2024-09-27,2025-09-17,Cause strong agent direction structure when sell.
265,2024-08-20,2025-04-23,Surface student certainly ready always community common already see street.
266,2024-07-21,2025-08-13,War particularly war one general focus culture war paper determine eye soon.
267,2024-05-22,2025-09-15,Accept worry man material rather eat if president news adult.
268,2024-08-10,2025-07-10,That learn property join woman fund specific reality try yes what technology.
269,2023-12-22,2025-09-18,Anything administration and trouble strategy series share action teach security chair positive.
270,2024-05-22,2025-06-19,Represent leave part simple yeah affect way foreign why lawyer theory.
271,2024-06-12,2025-08-21,Boy reveal game buy professional for.
272,2024-01-21,2024-11-08,Him moment ten read ground simply.
273,2023-12-27,2025-06-07,Protect system reveal boy decide life particular old oil can a explain.
274,2024-10-06,2025-04-02,Rest media attack contain pass product against.
275,2024-03-25,2024-11-09,Enter enjoy rise group there money moment.
276,2024-03-31,2025-01-10,Never decide truth matter model around recently strategy.
277,2024-02-07,2025-01-22,Speech experience new among detail purpose mother share behind week fine.
278,2023-12-15,2025-07-04,Couple operation run down across expect.
279,2023-11-22,2025-04-07,Both nature voice open room write international off wear soldier front camera.
280,2024-10-09,2025-01-15,Live direction three represent eight myself discussion health then.
281,2024-01-24,2025-05-21,Wait return account indeed your more cut candidate several even show education rise.
282,2023-11-09,2025-10-14,Life somebody local mention hard marriage detail fine I country decision hand.
283,2024-05-29,2025-10-02,Doctor way among not moment cultural thus quality subject happen.
284,2024-06-30,2025-07-24,Do know character nature report smile road beat positive.
285,2024-10-06,2025-06-08,Deep to former represent parent behavior power street safe tend.
286,2023-11-09,2025-07-14,Political ball local lose able my until practice suggest everyone.
287,2024-04-22,2025-09-25,New until feeling young almost stage yeah national mother cold determine group.
288,2024-06-05,2025-02-02,Point church traditional leader figure provide evening energy election thing least along.
289,2023-11-24,2024-11-13,Set religious know level perform or her entire.
290,2023-12-29,2025-02-04,We catch then Democrat election whatever hand government training whole.
291,2024-03-05,2025-09-07,When body understand pretty common in industry raise them financial issue.
292,2024-09-29,2025-07-22,Really coach season difference TV dream poor instead fact to.
293,2024-03-14,2025-07-08,Keep spend their speak many treat my land well key sea kid.
294,2024-06-15,2025-10-19,Citizen whether it certainly cause watch one share someone ahead race remember film.
295,2023-11-22,2025-01-08,Give true vote factor environmental effect your hand under director though law.
296,2024-08-21,2025-05-31,Voice job respond director market teacher activity traditional speech.
297,2024-11-02,2024-11-25,Agree politics size public whom drug pick.
298,2024-08-26,2025-09-09,Assume themselves course like woman add laugh sure year present.
299,2024-01-07,2025-06-04,Seat huge garden particularly those way.
300,2024-02-18,2025-02-24,Success enough build walk physical thought realize no.
301,2024-02-10,2025-11-01,Relationship remember area note say I nearly church west buy law.
302,2023-11-16,2025-09-21,Tonight until summer report somebody enough provide our eight across.
303,2024-09-09,2025-05-24,Organization remember everyone young Democrat father popular start.
304,2024-05-25,2025-08-07,Bad budget water present threat newspaper without system bill truth.
305,2023-11-05,2025-02-04,Nothing himself head me financial film.
306,2024-09-04,2024-11-05,Decide trouble edge economy then off way.
307,2024-08-29,2025-07-26,East cup summer talk land outside gun employee order evidence.
308,2024-06-08,2025-05-07,Read hair answer rather recognize the stay front simple.
309,2024-03-15,2025-06-08,Skin decision clear over matter sound knowledge mission reveal child Mrs however central.
310,2024-07-05,2025-10-08,Stuff plant line director it whom box character.
311,2024-05-04,2025-02-16,Onto amount time structure wish various heavy military real bit worry standard worker.
312,2024-02-21,2025-07-27,That hotel property leg media them forget animal ten situation development.
313,2024-02-22,2025-04-21,Statement think media long the hundred affect question seat.
314,2024-04-15,2025-05-24,Back organization pretty or property actually account.
315,2024-05-30,2025-03-21,At spend wrong future eight no probably teacher exist.
316,2024-03-21,2025-09-30,Matter arrive company girl member wrong consider son Congress might yes sport.
317,2024-10-23,2025-08-27,Friend beautiful especially structure simple million medical.
318,2024-08-27,2025-01-13,To while your movement animal particular a camera dinner door cause across mind.
319,2024-05-15,2025-10-30,Executive thus door more apply easy sea political arm machine help accept.
320,2024-03-27,2025-09-24,Lawyer describe side toward make myself.
321,2024-06-13,2025-06-26,Floor debate citizen seek read yourself.
322,2024-07-23,2024-11-07,Series represent them audience follow possible.
323,2023-11-23,2025-01-04,Carry one woman challenge condition goal fear fight station picture others it.
324,2024-10-31,2025-08-28,Dark not term when air career specific lawyer billion north region project entire.
325,2024-10-23,2025-10-16,Second game attorney feel store oil you some ago argue argue measure.
326,2024-08-11,2025-09-24,Card ok test fact even certain.
327,2024-10-11,2025-01-12,Far professional treatment forget his bed measure believe speech.
328,2024-03-19,2025-07-12,More college stand amount fight standard color leave instead write rest.
329,2024-07-30,2025-08-30,Performance throughout offer water executive particularly perhaps population word personal true second ahead.
330,2024-09-05,2025-03-22,Red both discuss unit house question term friend simply design.
331,2024-03-29,2025-05-17,Keep prepare kitchen technology fact cultural put someone development.
332,2024-09-02,2025-03-28,Writer more tonight site we hundred police word yet step local policy our.
333,2024-06-19,2025-01-22,Food current we eat stock participant plan just really.
334,2024-08-31,2024-12-24,Total unit management her set thought look.
335,2024-07-25,2024-11-22,Relationship boy friend past language affect.
336,2024-10-09,2025-03-11,Politics feeling Democrat write stop success brother movie.
337,2023-11-12,2025-04-12,Activity physical investment itself friend smile.
338,2024-05-30,2025-07-19,Billion bag network whom dog turn fire significant suggest.
339,2024-02-05,2024-12-17,Charge trip before difference national fish today simply.
340,2023-11-25,2025-03-01,Enter until weight certainly attorney scene administration production decision.
341,2024-07-25,2025-09-29,Rich threat sell wall likely dark able moment character theory news economy remain.
342,2024-08-26,2024-12-19,Against listen miss born result keep some white.
343,2024-09-16,2025-02-06,Wonder idea clearly child music understand fire war certainly create into amount generation.
344,2024-01-25,2025-04-20,Full ability such thing before wide begin increase.
345,2024-01-08,2025-08-11,Away according deal word treatment economic central free movement major.
346,2024-09-17,2025-01-08,Man reason less tell include might want defense.
347,2024-01-03,2025-04-20,Age follow size project after admit forget end speak agree.
348,2024-04-24,2024-11-26,Ability popular ahead attack myself story enter.
349,2024-03-11,2025-05-24,Pick soldier meeting tax local before officer size go film budget plant.
350,2023-11-29,2025-05-09,Hand toward on newspaper fund maybe push near probably religious member.
351,2024-10-24,2025-08-04,Blue finish region customer protect to single direction detail thousand pull.
352,2024-01-06,2025-10-10,For summer black Mr range well cost capital pattern develop poor.
353,2023-12-07,2024-11-08,Year fast name development nature plant reveal from fine somebody truth town stay range.
354,2024-10-09,2025-11-03,Me center case party speak old entire particularly.
355,2024-01-19,2024-12-21,City important sea Mr past speak certain sea six institution ready.
356,2024-04-03,2024-12-29,South front read forget low history evidence white many operation.
357,2023-11-28,2025-08-15,Though certainly research soon range according trial free share increase entire at wonder.
358,2023-12-11,2025-08-02,Specific to phone eight debate least.
359,2024-06-25,2025-03-07,Court dinner again former strong police international.
360,2024-05-11,2025-04-25,Pull forward according thank spring break simply western laugh he floor conference.
361,2024-02-06,2025-04-27,People society memory whose real their alone world.
362,2024-02-02,2025-05-29,Do white cultural day of skin Democrat list land help wrong.
363,2023-12-24,2025-02-24,Threat full close financial choice resource shake soldier fund win.
364,2024-02-21,2024-12-20,Into best Republican particularly debate stop plan where well.
365,2024-08-05,2025-03-27,Movie hair soldier system expert much social.
366,2023-12-26,2025-09-21,Ahead whatever song ground modern occur serious mouth hit one option item only.
367,2024-01-20,2025-06-24,Follow it able ready film reduce study through culture build team appear south.
368,2024-07-18,2025-05-11,Rule week operation price research result stay.
369,2023-12-15,2025-07-30,Challenge game memory movie clear main upon huge.
370,2024-02-21,2025-06-20,Purpose ever cell bring dog beautiful own quite such between suggest.
371,2024-07-31,2025-06-01,Her short by article commercial business.
372,2024-09-20,2025-10-09,Show step where score gas the shake.
373,2024-08-30,2025-07-26,Laugh concern page for wrong step computer imagine suffer space security to.
374,2023-11-18,2025-02-19,Civil why kid fact general create physical hit window.
375,2024-02-01,2025-03-02,Table toward rest last cell leader thousand hotel Mrs however us page.
376,2024-01-11,2025-08-04,Represent officer can many ask movie impact read huge so bad act.
377,2024-02-29,2025-08-13,Explain present now traditional tell feeling.
378,2023-12-21,2025-07-05,Stop because trip that some song page person begin church put hundred back.
379,2024-03-02,2025-11-02,Beyond white positive it decade speech compare little job suffer team.
380,2024-05-15,2025-05-26,Job threat he read stop left show often today leg data.
381,2024-03-10,2024-12-13,Message address professional plant compare company early street.
382,2024-03-26,2025-06-05,Pass several space improve eight skill court recognize ball action have wrong quite.
383,2024-02-04,2024-12-10,Behind find arrive make you yet thus.
384,2023-11-13,2025-07-12,According level price black soldier ground kind learn administration this seven.
385,2024-10-27,2025-02-12,Thought fill film speak early build.
386,2024-04-04,2025-08-08,Business would phone more instead heavy class view.
387,2023-12-08,2025-09-30,Miss senior executive discussion share surface place deal born start.
388,2023-11-11,2024-12-22,Lead real both father natural year.
389,2024-09-30,2025-03-30,Tonight space travel single crime teacher billion mention movie security to.
390,2024-06-21,2025-09-04,Right painting sure long need actually might rich.
391,2024-10-31,2025-01-09,If style young professional wind build.
392,2024-05-01,2025-02-07,Tough right administration beautiful any traditional black PM.
393,2024-04-05,2025-03-08,Eye once best actually process forward American scene your coach should large strong.
394,2024-01-30,2025-01-11,Forward under deal admit group check although brother alone work.
395,2024-07-18,2024-11-15,Culture development term little treatment despite.
396,2023-11-25,2025-02-23,Final structure market development begin few finish before responsibility alone.
397,2024-10-24,2025-02-10,Again economy conference the American marriage enter notice morning meet oil occur.
398,2024-03-28,2025-02-09,Condition no officer when which floor price image plan idea.
399,2024-06-30,2025-02-03,Team none ability society research itself radio.
400,2024-03-21,2025-10-23,Culture our campaign bad compare occur arm leave including everyone.
401,2024-06-20,2024-11-22,Do play trade really threat bill serve enter.
402,2024-04-14,2025-05-25,Rich team several idea forget debate receive usually skin what can hotel against.
403,2024-02-23,2025-09-14,Film grow down above southern team down all risk word television.
404,2024-08-21,2025-09-08,Data practice leg eye idea total campaign.
405,2024-09-22,2024-12-14,Board wonder probably wonder collection agency difference quality whatever into.
406,2024-09-21,2025-01-05,Understand including age section ten accept may prevent practice girl a weight than.
407,2024-03-06,2024-11-15,Something suggest draw meet reach represent do help quality better national continue father.
408,2023-12-14,2025-06-14,Democrat stay wait soon recent per.
409,2024-10-23,2025-08-20,Act walk sit college interview college law season seven audience event project most.
410,2024-04-21,2025-06-09,Ability question series with service ready everything voice officer state.
411,2024-05-12,2024-11-04,Table could attention himself floor begin court long fact let as worker.
412,2023-11-13,2025-10-21,Sell high green maintain laugh change camera return listen arrive conference.
413,2024-09-10,2025-02-01,Become interest enter everything actually too growth purpose meet movement yeah anything Republican.
414,2024-08-05,2024-12-26,In price mention point figure human marriage story entire fill.
415,2024-10-21,2025-07-14,Thing media soon notice apply government short car exactly more.
416,2024-04-11,2025-10-18,Wait investment dream imagine one such pull economic actually table personal them human.
417,2023-11-04,2025-06-26,Follow political sometimes phone especially north include.
418,2024-09-16,2025-08-23,Opportunity it make difference tonight believe book mention.
419,2024-10-14,2025-06-05,Ago design race wrong later accept article western east.
420,2024-02-16,2025-01-03,Stuff oil above key especially five collection rest movie before small cell.
421,2023-11-09,2024-11-13,Public bag turn draw hundred blue old analysis as defense.
422,2023-12-22,2025-03-13,Present eight order itself probably second professor ago once quickly political day peace.
423,2024-10-31,2025-08-11,Popular house wife performance run region.
424,2024-05-08,2025-01-12,Require board commercial perform you same college note move relationship.
425,2024-01-20,2025-04-07,Find mind edge bar painting military very put.
426,2024-02-02,2025-10-16,Sister claim economy yes whole commercial amount training drop dream.
427,2023-12-07,2025-08-28,The scientist north not product onto information.
428,2024-09-08,2025-09-01,Everybody leg hair smile worry partner too partner director consumer approach ability.
429,2024-05-22,2025-07-29,Own can herself debate fight lead marriage measure game marriage back four pretty.
430,2024-04-19,2025-01-20,Mind thus fight foreign ever general authority word employee moment report.
431,2023-11-18,2024-11-13,Order one when instead our day growth citizen knowledge science.
432,2024-03-27,2024-11-22,Long player north protect live interesting worry open choose.
433,2024-10-11,2025-08-25,Throw charge strategy much instead top specific tough check large list treatment whose.
434,2024-03-11,2025-03-18,Music near nice if ask between test yet why suggest and spend.
435,2024-06-17,2025-08-30,Would change child smile interesting middle about stay western.
436,2024-09-04,2025-10-16,Threat pay condition Democrat store write political call sit.
437,2024-02-02,2025-10-20,Surface second number shake take claim right model rate walk want.
438,2024-08-21,2024-12-01,Hold carry her Democrat environmental matter can pay specific professional expect arrive current.
439,2024-06-01,2024-11-06,Check meeting four admit science month teach five.
440,2024-07-27,2025-05-24,Human clear young likely agree sea.
441,2024-10-30,2025-09-15,Sound nearly board control often south wide.
442,2024-04-13,2025-02-27,Light thus allow fund which rather.
443,2024-03-28,2025-02-08,Themselves public positive admit none whether hope current.
444,2023-12-23,2025-02-27,Myself recognize arrive throw whether director eye artist though product would.
445,2024-07-26,2025-01-24,Outside tonight fact you street forward recent buy every treat instead weight.
446,2024-06-11,2025-05-09,Wonder artist spring type image box teach city rate let forward agreement subject.
447,2024-05-26,2025-09-26,Consumer sound high son response force anything analysis day continue environmental.
448,2024-03-07,2025-10-01,Pretty ago mind room large real all include prove exist heart vote three leader.
449,2024-10-07,2025-10-24,Box see whose charge article for nearly policy put never phone song.
450,2024-09-06,2025-10-01,Feel think building international everyone sit common activity.
451,2024-05-27,2024-11-26,This piece product key husband fund impact box prevent tell.
452,2024-08-20,2025-03-18,Money whose ago out make seat ok provide finish bed on.
453,2024-01-16,2024-12-07,Adult who exactly too color note relationship eye teach mother produce worry.
454,2023-12-23,2025-03-20,Argue decision make option particularly stage wear control contain theory somebody able.
455,2024-05-04,2025-02-19,Visit new hear couple Democrat for these group fall hot moment.
456,2024-03-16,2025-08-30,Trouble fish each explain new machine with again house tree social myself.
457,2024-10-31,2025-03-22,Evidence suggest moment also source but experience.
458,2024-07-16,2025-08-01,International situation four finish job great evidence everyone how show man.
459,2024-02-27,2025-10-28,Change arm during decide four mission series also.
460,2023-12-03,2025-05-23,Nothing do certain bar show player exist again.
461,2023-11-15,2025-09-04,Do that center five in technology various real lay state.
462,2023-11-27,2025-07-30,Town whether sport radio language approach natural red system clearly chair culture.
463,2024-06-16,2025-10-10,Agent wear type agreement dark serious.
464,2024-04-19,2025-07-24,Above occur life window look quality great last consider economic tell.
465,2024-03-15,2025-08-08,Republican in bill number case charge.
466,2024-01-11,2025-01-23,Size on since big list cup get several over member.
467,2024-10-29,2025-01-24,With should than board television meeting between east number material.
468,2024-04-18,2025-08-17,Stand follow establish agent middle nice better police include scene cut money.
469,2024-10-14,2025-09-14,Story blue perform situation old effort their anyone but purpose season.
470,2024-10-30,2025-04-06,Live listen candidate might necessary item admit near senior main something.
471,2024-05-25,2025-07-30,Trial explain these feeling everybody better somebody.
472,2024-04-11,2025-01-26,Successful me study level return accept admit create agreement land quickly pretty word.
473,2024-01-02,2025-10-08,Yard poor family certainly suddenly choice card first place.
474,2024-07-15,2025-02-26,Finish road this simply manage low perhaps however measure less spring feel theory.
475,2024-01-18,2025-04-02,Knowledge ahead compare standard others almost.
476,2024-01-06,2025-03-09,Actually event young positive image professional follow inside note paper.
477,2024-03-26,2025-02-03,Sort find two probably identify think century possible.
478,2024-08-28,2025-08-21,Reduce appear eye really compare enjoy another report easy.
479,2024-02-08,2025-01-19,Pay audience car factor still heart determine.
480,2024-02-18,2025-07-07,High claim our because treat blue.
481,2023-11-18,2025-02-28,Live allow team bring seat bad.
482,2024-05-01,2025-06-15,Writer along cut enjoy note power.
483,2024-10-14,2025-09-29,Decade throughout home reach doctor well Congress magazine environmental teacher event discover.
484,2024-07-16,2025-05-26,Debate social no discover good computer relate but.
485,2024-06-23,2025-05-14,No economy she leave likely including chair meet.
486,2024-02-02,2025-08-22,Must author sit argue common certain ahead.
487,2024-05-25,2025-09-11,Policy large reflect century data office ask leader big try major site.
488,2023-11-27,2025-08-08,Cell yourself but at necessary design could.
489,2023-11-14,2025-06-23,Prove fund get join quickly after include sense street try than question might.
490,2024-04-18,2025-06-16,Ago strong popular former state family today.
491,2024-09-25,2025-03-13,Daughter according start well at candidate white mind nation machine method officer.
492,2024-09-21,2024-12-17,Within low same brother news conference network want about relationship.
493,2024-01-28,2025-05-16,Court entire affect blue time various mission.
494,2024-06-18,2024-11-24,By culture clear include always science every true.
495,2024-03-18,2025-09-15,Lead and side whole share effort race capital black final hold into.
496,2024-07-23,2025-04-22,Carry they customer build ask tax.
497,2024-02-07,2025-03-01,Nature choice we her much home family focus sound reason wife eight pretty.
498,2024-10-17,2024-12-23,President end six out another hotel down product weight fast finally mean.
499,2023-12-30,2025-04-29,Include audience assume whom ability loss half participant around yet life either.
500,2024-05-30,2025-02-01,Modern future move ever art this success.
501,2024-10-11,2024-11-20,Energy open speech space cultural industry necessary movement defense.
502,2024-08-20,2025-09-04,Paper light agree strong build main.
503,2024-07-25,2025-02-26,Near news become candidate tend provide ok box they its office.
504,2024-01-05,2025-02-02,Vote discuss range animal various southern wind seat over step.
505,2024-08-15,2025-09-10,Such he way no laugh reason section total less.
506,2024-04-03,2024-12-17,Learn nothing hard can speak send write building three up down however quickly.
507,2024-10-17,2025-01-25,Maybe him card kind send federal modern TV.
508,2023-11-30,2025-06-24,Grow country less article bring minute hear write happy affect part father instead.
509,2024-07-26,2025-07-22,Successful force camera past low together pull mind city.
510,2024-05-07,2025-05-26,Answer international chance window likely exactly stock four.
511,2024-01-21,2025-06-03,Might risk bed concern meet officer better.
512,2024-08-27,2025-07-25,Simply American pay seat growth ago trial word involve often identify month go.
513,2024-04-30,2025-05-02,Develop number pick agree care property bed main then foot general quality energy.
514,2024-01-24,2024-11-04,City leg lead catch of than throughout.
515,2024-01-20,2025-09-08,Hear short measure action shake force around evening door.
516,2024-02-08,2025-05-17,Well give yeah recognize range traditional garden tree where dog relationship commercial sign.
517,2024-02-25,2025-03-19,Hear they decide school various ten kitchen pretty nation politics energy.
518,2024-08-22,2024-11-09,Treatment kind service fish commercial add need approach compare next trade condition write.
519,2024-06-16,2025-11-03,Mind vote fear blood under wrong customer step evening about say week system learn.
520,2024-06-13,2025-02-04,Catch social region such boy very direction.
521,2023-11-23,2025-02-20,Available positive then use spend scene should box wonder.
522,2024-03-20,2025-10-01,Clear skill will second PM set.
523,2024-01-21,2025-02-18,Marriage site nation actually understand job.
524,2024-07-31,2025-02-09,Term huge decade memory total memory can open.
525,2024-09-19,2025-05-15,Side movie surface happen top government thing later piece although.
526,2024-10-18,2025-09-07,Investment guess number personal along environment policy out state inside too here.
527,2024-02-17,2025-06-19,Along land group sell entire seem.
528,2024-01-20,2025-09-15,While official civil gun plant any necessary wide remain.
529,2024-07-08,2025-09-08,Them of resource foreign question herself face official truth safe sing some.
530,2024-10-05,2025-04-09,Against under nothing road account policy family fall forget long.
531,2024-03-17,2025-11-02,Firm trip fact design relationship debate authority matter but before among song information space.
532,2024-07-08,2025-01-13,Attorney radio really white meeting pass.
533,2024-04-11,2025-04-06,Arrive suffer write natural low write record.
534,2024-09-16,2025-08-23,Analysis attention red item receive culture several often since treatment report baby.
535,2024-08-11,2025-09-22,Response operation rather loss woman especially name change upon.
536,2024-09-17,2025-08-25,Statement product career college own today point.
537,2024-03-21,2025-09-27,Key only state situation safe country book.
538,2024-05-14,2025-02-22,Population close any environment continue cell.
539,2024-09-03,2025-01-11,Story partner knowledge third together one specific.
540,2024-07-05,2025-09-02,Trial manage dinner above item have good stand evidence worker.
541,2023-11-26,2025-08-05,Go road mean future sit skin doctor large evidence agreement threat source walk.
542,2024-04-27,2025-06-27,Subject one country that perhaps up food of nothing hit trial.
543,2024-07-10,2025-01-06,Career shoulder nor this blood second wind or image force debate.
544,2024-06-07,2025-05-31,Accept often edge degree fear only.
545,2024-02-13,2025-01-07,Oil still oil do perhaps notice walk.
546,2024-09-10,2024-12-29,Relationship myself for story general technology.
547,2024-01-05,2025-10-28,Movement table hotel right include young none reach where professional these the.
548,2024-02-02,2025-08-23,Gun gas after fire movement organization strong source drop soldier score.
549,2024-01-04,2025-04-28,Teach system real board during but require usually side receive.
550,2024-08-24,2024-12-26,Perform work doctor against ask thought anyone follow place act reach around piece.
551,2024-08-04,2025-07-22,Task meet window expert over experience.
552,2024-02-05,2025-10-26,Time although free but move its such us ever book let I wear old.
553,2024-03-19,2025-05-02,Suffer animal alone popular rise girl focus hair.
554,2023-12-04,2025-04-30,Stand high deep student doctor past home certainly best nice spring.
555,2024-07-16,2025-03-28,Heavy work yourself knowledge example agreement pretty particularly old alone side several.
556,2024-09-29,2025-04-04,Coach candidate traditional yourself south media onto official various.
557,2024-05-06,2025-10-10,Include side same mother rather only laugh deep sure.
558,2024-08-21,2025-05-12,It sell up particularly sell edge investment house town from seat.
559,2024-03-25,2025-03-05,Administration miss involve give leg discover local night.
560,2024-10-14,2024-11-04,Less door mind lose collection a.
561,2024-08-04,2024-12-07,Senior even list rock manager vote within lead.
562,2024-07-06,2024-12-06,Everyone receive say red cause billion if.
563,2024-05-25,2025-01-25,Appear federal option just sign paper school decade resource.
564,2024-08-05,2025-06-27,Fact benefit director in lawyer check remember.
565,2024-09-24,2025-08-13,Name two talk stock hotel experience season know.
566,2024-02-23,2025-09-30,Smile stop base situation certainly within after whom agent.
567,2024-01-21,2025-03-03,Their serious of at within particularly big.
568,2024-07-14,2025-10-22,Series rise draw which staff policy some.
569,2024-02-08,2025-03-05,Maintain or term court rather station throughout recognize physical protect company.
570,2023-11-09,2024-12-24,Whatever newspaper music reason tonight notice group can carry address where.
571,2024-05-04,2024-11-24,Letter spring past itself hundred choose available baby chance leave class tonight organization.
572,2024-07-14,2025-09-21,Do add including left they market home.
573,2023-12-06,2025-05-13,Now explain of talk too game hour for picture.
574,2024-08-30,2025-09-13,Once TV war financial movie particular in themselves view scene more maintain.
575,2024-06-16,2025-09-17,Theory attorney organization seem environment one security.
576,2024-05-15,2025-09-13,All heart discover and cut for father draw.
577,2024-02-02,2025-08-27,Maintain sing democratic read write door say seek onto collection marriage white.
578,2024-04-21,2025-03-13,Mean hundred recognize fire see ten dark phone indicate all.
579,2023-11-04,2025-08-25,Approach gas statement area try whatever our protect exist camera.
580,2024-03-29,2025-04-11,Big this simply bar also down say not whom human there expect.
581,2024-01-30,2025-02-26,Stand director nature trouble many until than finish where strategy special war.
582,2024-09-02,2025-07-22,Citizen model ahead wrong notice help indeed you eat.
583,2024-08-03,2025-06-23,Whether popular eat reflect character middle support might relate cell.
584,2023-12-30,2025-05-20,Lead common already prevent price major plant activity six according enough.
585,2024-04-11,2025-06-01,His foreign meeting available almost detail else opportunity direction account offer example measure.
586,2024-01-18,2025-06-19,Hear able rest camera people contain.
587,2024-09-22,2025-07-05,Mother morning season fall person so compare floor yeah plan door rather.
588,2024-03-19,2025-05-19,Both never for least feeling bring third level reach simply.
589,2024-06-20,2024-11-08,So family politics despite fall news clear whole tax before relate south.
590,2024-06-20,2025-06-28,Including expert article table last public name.
591,2024-05-24,2025-07-09,Art read become doctor themselves college third must article involve.
592,2024-04-02,2025-10-05,Street clearly really huge stock animal go day recent six specific realize maybe.
593,2024-04-23,2025-06-29,Entire describe memory enough address itself happy vote environmental unit team role.
594,2024-06-30,2025-07-30,Activity fill recently outside fly per.
595,2023-12-02,2025-07-20,Enter huge get career relationship thousand letter trade.
596,2023-12-08,2025-06-02,Day lose should through speak Mr national.
597,2024-07-02,2025-10-09,Open high none minute treat protect strong officer wear.
598,2024-03-15,2025-03-17,Indicate political stuff show outside door.
599,2024-03-28,2025-08-19,Television its industry agree respond job together through take oil.
600,2024-04-11,2025-01-16,Seem everybody buy grow third support tax finally least government particular different hit assume.
601,2023-12-17,2024-12-04,Class respond forget four foreign and state though head ask draw despite attention.
602,2024-03-25,2025-03-27,Hold turn similar marriage charge feeling along reveal choose happen choose.
603,2024-08-20,2025-04-07,Firm suggest no should two difficult car friend reason collection eat business instead.
604,2024-05-25,2025-01-27,Left wide thing whatever social sing beyond lead get without defense.
605,2023-12-09,2024-12-01,Get art industry bad follow stay cause what herself.
606,2024-03-30,2025-03-05,Pressure car father carry owner should pull still film also human film.
607,2024-01-05,2024-11-17,Between spend tough natural would talk nothing direction administration week name from require.
608,2024-08-22,2025-01-19,Production others even official also building line project realize his speak full.
609,2024-09-10,2025-02-20,Agent on ground number nor friend worker I need tax political president it.
610,2024-09-07,2025-05-09,Try Mr these teach court economic me most business its throw tend professor.
611,2023-11-16,2025-10-25,Still traditional west go time personal decision yard question consumer company.
612,2024-06-19,2025-08-10,Recent build road college type majority more wrong.
613,2024-09-07,2024-11-18,Sea create plant decade opportunity model policy take today energy born.
614,2024-01-13,2025-05-22,Pressure throw brother deep walk box fly.
615,2024-09-29,2025-04-10,Section trial weight item mind strategy meeting official drive partner lot Mrs a.
616,2024-04-05,2025-01-01,Tv main fast save most matter social drop little if.
617,2024-03-30,2025-09-21,Blue them break catch citizen by choice whose.
618,2024-04-04,2024-12-17,Woman family natural somebody suggest something always maybe sister.
619,2024-05-07,2024-11-06,Teacher total know land church major scene available.
620,2024-02-10,2024-11-07,Possible onto crime rock defense husband wait organization.
621,2024-04-29,2025-07-16,Management part great five key author.
622,2024-03-22,2024-11-23,Water individual better natural eat idea wait painting population read.
623,2024-09-01,2025-03-07,The ahead history truth learn travel entire certain.
624,2024-05-09,2025-06-01,Society black type tend record piece give possible.
625,2024-04-16,2025-07-30,Raise pattern economic visit speech structure these economy.
626,2024-06-02,2025-02-16,Onto sell best provide never nature.
627,2024-05-30,2024-11-16,Three job work miss indeed station myself civil point.
628,2024-02-01,2025-04-01,Police federal their more rest hold guess here.
629,2024-06-21,2025-08-06,Price list research produce us entire sea do agency scene.
630,2024-07-10,2025-07-26,Police sort improve thought left democratic white nature there remember table middle.
631,2024-04-06,2025-05-04,Perhaps challenge finish yet fear book at begin piece easy recognize.
632,2024-03-16,2025-03-29,Concern entire son yourself share wonder space safe else behavior note foreign.
633,2024-01-15,2025-04-16,Two here down west bring art draw usually.
634,2024-03-01,2025-03-10,As police organization ball people leave life whole.
635,2023-12-07,2024-12-29,Build letter board cup people my throughout care.
636,2024-08-11,2024-11-11,Class finally fight rather environmental why.
637,2024-01-30,2024-11-22,Produce though center so others property.
638,2024-05-09,2025-10-14,Detail take learn they eight seat.
639,2024-02-09,2025-01-27,Lot she way themselves able firm lawyer place present participant help catch forget.
640,2023-11-20,2025-03-01,Quality different activity allow speak recently single threat.
641,2024-05-20,2025-11-03,Tell tree painting light phone stand training black this decision wall long.
642,2024-05-03,2025-01-29,Describe with fear region quite woman night little owner.
643,2024-08-29,2025-08-08,Example anyone up young letter economic within send others any.
644,2024-02-26,2024-11-27,Clear far suggest behind close role many way officer street hand conference happy.
645,2024-06-25,2025-04-06,Figure catch news similar compare those western response specific between.
646,2024-10-31,2025-05-24,Dinner about clearly agree commercial continue.
647,2024-10-19,2025-03-25,Between mother management up high sell stand put customer.
648,2024-09-26,2025-06-14,Pretty meeting standard attorney serve glass forget model.
649,2023-12-12,2025-06-29,Church attorney share sometimes impact give best anything issue station safe each.
650,2024-10-13,2025-08-12,Dream truth fine cup seek early leg.
651,2024-02-15,2025-06-17,High card energy race pattern better student protect go relate base before.
652,2024-10-27,2025-05-23,Add several trip need age method a.
653,2024-08-07,2025-09-11,Fight several imagine call safe prove since sit pull sport professor where husband.
654,2024-08-03,2025-07-27,Civil card school certainly old north.
655,2024-06-14,2025-09-30,Test either it area her step better about clear everyone.
656,2024-02-19,2025-01-12,Western father message program opportunity cultural edge clearly but writer involve.
657,2024-04-09,2025-03-12,International wrong pattern real performance garden able assume prove.
658,2023-12-01,2025-09-19,Seat firm military quality fly fly yard maybe ok ground chance.
659,2024-04-17,2025-02-08,Suffer TV investment light perform fly claim series something.
660,2024-05-16,2025-03-27,Everything population difficult but high direction glass still place attack.
661,2024-07-01,2025-04-25,Over imagine away make staff wish opportunity author operation change accept wait.
662,2023-11-22,2025-02-25,Take though manage short eat process sign sister side chair someone.
663,2024-07-26,2025-10-19,General live mouth each that nearly interview add mention.
664,2024-05-17,2025-02-20,Start think letter themselves risk new agency party agree join ago stage treat.
665,2024-10-31,2025-02-19,Enjoy political year site seven throw difference in.
666,2024-05-04,2024-12-23,Each light key son first play.
667,2024-01-06,2025-02-01,Order wind from bed if total consumer probably none guess game air.
668,2024-01-15,2024-11-17,Want down inside majority challenge fly.
669,2024-10-08,2024-12-01,Move mind industry beyond model together father generation under yes could east agency.
670,2024-07-15,2025-06-12,Character book paper why training whose thing deep religious available your single.
671,2024-03-19,2025-08-08,Wonder size political next almost me.
672,2024-10-02,2024-11-21,Pick almost behind young and those certain.
673,2024-09-17,2025-04-17,Tv push head visit event lead least.
674,2024-07-04,2025-10-15,Open everyone pay I as example make.
675,2024-10-14,2025-06-16,Then painting success decision than peace suddenly order former act hot especially.
676,2024-01-20,2025-02-10,Trade no maybe choice wide point realize right little.
677,2024-09-13,2025-10-22,Hard build somebody onto week dog mother either create.
678,2024-07-13,2024-11-28,Piece western avoid serious cover big we on six claim beautiful.
679,2024-05-07,2025-10-14,Mention action everyone share keep late someone term book improve particular material church.
680,2024-07-02,2025-06-26,Every least surface support gas suffer.
681,2023-12-17,2025-08-27,Sell never board fill pay young a suddenly media side share.
682,2024-07-03,2025-08-15,Economy wear expert various any interest none star total.
683,2024-10-02,2025-10-24,Stop teach now wonder training drug clearly director.
684,2024-01-18,2025-04-11,Tax former kid beyond environment capital bar dream.
685,2024-07-14,2025-02-12,Hundred admit produce crime single ground watch surface party.
686,2024-09-09,2025-10-21,Car nearly since away member her particularly court some easy big himself agreement.
687,2024-02-02,2025-07-27,Position generation however activity race story arrive middle report seven author.
688,2024-03-31,2025-02-10,Son reach resource firm seat effect write loss young.
689,2024-10-24,2025-03-19,Lead send huge become imagine pass eight American.
690,2024-10-29,2025-04-17,Myself center quickly player with manager home low good here east.
691,2023-11-06,2025-03-13,If trade avoid five field his anything your high meet effort grow without.
692,2024-10-30,2025-09-29,Work agree let beat threat us interview.
693,2024-03-25,2025-07-02,If local bad space computer moment record sometimes letter third.
694,2024-06-18,2025-05-13,Miss cold interest apply gun would.
695,2024-06-25,2025-08-20,Age result skin event name speech system become strategy show trouble ball just.
696,2024-03-13,2025-08-13,Somebody realize person trade until image art meet real season resource result.
697,2024-10-16,2025-02-26,Another ground very analysis method gas high five magazine fight.
698,2024-05-23,2025-07-11,My myself enjoy free group both deal usually stay.
699,2024-08-21,2025-07-26,Bed visit no history condition measure message view whom.
700,2024-06-24,2025-08-27,Consider professor agree expect case education memory why any society.
701,2024-08-27,2025-06-06,Safe over news study technology high cause.
702,2024-02-01,2024-11-17,Different inside second level likely fish product capital pull.
703,2024-06-20,2024-12-27,Party authority trade main assume development letter number.
704,2023-12-28,2025-08-19,Beat former data commercial one sport community word work good raise option.
705,2024-01-12,2024-11-11,City factor another detail lot none write candidate marriage size according issue drop.
706,2023-12-08,2025-04-12,Argue society at executive forward social middle parent speech amount collection part spring.
707,2024-04-28,2025-10-07,Hold section wind out leader necessary ever upon.
708,2024-08-26,2025-10-23,Hospital fast kind dog money old real or.
709,2024-08-13,2025-02-27,Apply party wife nice right instead unit subject consumer friend.
710,2024-01-30,2025-09-29,Computer easy fish only success decide least where miss heart ability from.
711,2024-03-08,2024-12-05,Policy direction sort ask deep them whole send story.
712,2024-06-22,2025-10-10,Act pattern child manage miss certain possible always clearly commercial student measure.
713,2024-06-26,2025-02-02,Everyone hand spend different nor start structure race region benefit doctor.
714,2024-03-31,2025-07-10,Still recent want true quality hear than policy wonder.
715,2024-07-21,2025-05-14,What conference detail speak such sell alone include would success your hear.
716,2024-02-27,2025-01-13,Season me seek particular high senior federal manager.
717,2024-06-18,2025-09-18,For claim while country trouble employee son poor.
718,2023-12-03,2025-03-14,Job respond city per hear energy fly range newspaper organization draw approach budget.
719,2024-04-22,2024-12-22,Process half by radio man high long.
720,2024-01-21,2024-12-01,Note without he wonder admit become keep sense fall particular range rich per.
721,2024-05-29,2025-02-23,Miss power receive none fight half south charge clearly catch.
722,2024-05-09,2025-02-05,Any leave pick yet authority or me watch remain account even.
723,2024-06-08,2025-01-17,Woman head decision example task east but.
724,2024-10-16,2025-01-19,Billion worker between road PM local opportunity whether son grow information not Mrs.
725,2024-03-26,2025-04-05,Themselves research seem country order peace president establish expect garden reduce training room.
726,2024-05-29,2024-11-19,Anything air ball personal memory structure point be central television specific mother color.
727,2024-06-07,2025-04-28,Bag general now bed of trial season.
728,2023-12-23,2024-11-11,Wife professor nature available sort analysis service military painting per just window attorney.
729,2024-08-15,2025-02-23,Security degree and week allow contain hundred.
730,2024-10-25,2025-03-14,Music article ask training many although study shake guess away.
731,2024-10-29,2025-09-05,Every in him among represent study true would guess treatment teach someone culture.
732,2024-06-23,2025-09-28,Eye guy political power character thought similar successful also.
733,2024-06-20,2025-03-30,Image majority fight front pass almost perhaps enjoy drug back bring remain series.
734,2024-09-22,2025-05-09,Standard five source little expert end matter increase play phone real.
735,2024-03-21,2025-07-27,Rather myself to unit live answer lose stand final information.
736,2024-05-23,2025-06-08,Great research appear enjoy administration thus edge stand middle industry most go.
737,2024-01-22,2024-11-05,Up call place commercial enter cultural maybe sit allow speech treatment.
738,2024-08-09,2024-11-24,Manager many among market near billion.
739,2024-01-14,2025-02-23,Task PM imagine wife difficult plan training.
740,2024-06-09,2025-09-13,Including admit medical contain teacher draw we usually happy.
741,2024-05-05,2025-01-10,Do there win this baby media memory.
742,2024-07-04,2025-08-09,Price around notice second those house continue case region everybody man.
743,2024-02-15,2025-11-02,Begin perform agent mission choice model land key rock trade start far energy.
744,2024-02-16,2025-04-25,Miss form note many here against cause.
745,2024-09-24,2024-11-10,Road modern future range address I letter lose network force in.
746,2024-03-21,2025-10-05,Game page network sense enter real benefit talk fear fact.
747,2024-09-26,2025-01-30,Agreement fact box why yourself girl support career among employee he push baby.
748,2024-09-06,2025-08-21,View write treat red daughter impact middle program.
749,2024-05-31,2024-11-17,Sea small lot follow only sound.
750,2023-12-23,2024-11-13,Away finally upon class world vote on.
751,2024-04-12,2025-08-08,Million federal me data blood officer.
752,2024-05-25,2025-06-29,Care race help realize change impact rather improve.
753,2024-08-29,2024-12-20,Read as claim surface success system.
754,2024-01-06,2025-07-22,Same our modern hand message kid recently once address color government down suggest.
755,2024-07-25,2025-06-26,Congress early pass join hit character official the personal almost front almost Mrs.
756,2024-07-08,2025-10-15,That executive more public travel avoid list police sound threat leave building.
757,2023-12-25,2024-11-13,Point down form soldier whatever involve expert.
758,2024-08-13,2025-01-12,Magazine strong health style speech peace serve person way stock.
759,2024-01-12,2025-01-01,Able development sell soon matter dog plant audience.
760,2024-04-23,2025-03-29,Prevent entire find factor series less provide probably.
761,2024-06-14,2025-01-02,Impact television give than second country know so ask.
762,2024-01-09,2025-04-17,Become oil debate condition collection American field both.
763,2024-03-04,2024-11-11,Choice range much including hotel yard century building part.
764,2024-06-29,2025-08-05,Ok husband activity floor loss subject finally west talk board thought.
765,2024-08-17,2024-11-05,Six many sport avoid some figure agreement party factor those act.
766,2024-03-10,2024-12-01,Organization plan produce live evening white Republican us perhaps born worry policy leg.
767,2024-05-09,2025-07-08,Moment husband condition behavior nation appear financial their traditional another edge side.
768,2024-09-25,2024-11-19,Stuff him read thus change generation hair car face son standard produce left.
769,2024-09-13,2025-03-20,Training suffer Mrs she attorney talk foreign perhaps day stay last event draw.
770,2024-08-26,2025-01-22,Mention explain present movement term they.
771,2024-10-25,2025-01-10,As sea mouth chair allow newspaper property source.
772,2024-01-12,2025-09-09,Under air data him would close spend thousand very material between.
773,2024-08-06,2025-10-03,Address seem almost buy executive describe.
774,2024-07-10,2025-02-18,Certain without listen officer exactly four social politics somebody economy others.
775,2023-12-09,2025-01-17,Travel parent really than attack out character relationship financial ask.
776,2024-05-02,2025-07-04,Remain career raise environment nothing hotel.
777,2024-04-02,2025-01-20,Own successful none capital throw nice several blood another power.
778,2023-12-06,2025-06-05,Toward business charge among instead others.
779,2024-02-23,2025-05-28,Would of discover southern strategy wind almost.
780,2024-02-02,2024-12-20,Front plant garden woman amount change scientist everybody third hear bill.
781,2024-02-16,2025-06-07,About class much read summer role figure never cell well father just.
782,2024-05-06,2025-02-01,Black change admit anyone anything defense husband camera land operation weight travel.
783,2023-11-28,2025-02-22,Everyone remain citizen everyone finish partner office language will.
784,2023-12-08,2025-03-30,Factor item machine market fund someone.
785,2024-10-27,2025-03-13,Media team create between issue point room ten threat this.
786,2024-04-25,2025-05-29,Policy teach high realize process specific data window use likely own lot ago.
787,2024-05-11,2025-01-12,Song maybe activity vote factor Congress.
788,2024-02-19,2024-12-12,Memory thousand maybe market not south century hospital trial Republican science professor hit.
789,2024-01-31,2025-05-08,Power with identify reason take control military while.
790,2024-05-24,2025-09-06,Everything choice sport report official exist woman pick lot director range brother pretty.
791,2024-02-26,2025-04-06,Worker write series investment new anyone all across.
792,2024-03-17,2025-11-02,Government church water soon away least whatever develop commercial.
793,2023-12-12,2025-05-29,Game rule into billion price once record break lawyer argue run.
794,2024-02-26,2024-12-15,Option establish reality your increase environmental her practice coach main.
795,2024-01-23,2025-10-17,Or wide professor product phone end fish.
796,2024-01-25,2025-09-22,Get deal administration senior often information.
797,2024-03-20,2024-11-28,Defense such according together smile team recognize skill fish four.
798,2023-12-15,2025-04-26,Along sure at production point now base sound.
799,2024-08-06,2025-02-19,Blue kid yourself they entire this.
800,2024-08-13,2024-12-27,Film same parent floor against day hundred answer effect consumer idea order.
801,2024-01-10,2024-11-18,Both direction face evidence should raise position number.
802,2024-04-12,2025-09-23,Rich art television wrong other service.
803,2024-05-03,2024-12-05,Dog fall alone mind most skin meeting campaign feeling item.
804,2024-02-28,2025-01-02,Environmental bag scene remain why room year skin.
805,2024-07-02,2025-10-23,Choose ever buy like appear model anyone anything.
806,2023-12-28,2025-09-05,If new foot money four camera mind sit.
807,2024-03-20,2025-08-29,Boy music bring even support wait simply.
808,2023-11-12,2025-08-05,Exist back resource newspaper today article bar run beyond get.
809,2024-08-04,2024-11-25,Activity whatever try response professor social.
810,2024-06-09,2025-10-01,Institution bad we just likely role this in.
811,2023-12-11,2025-01-08,Blue wife right court will play pull ask rise article significant quickly behind.
812,2024-06-04,2025-01-22,Any consider interesting push improve mention.
813,2024-03-13,2025-02-22,Make usually government year close best stay vote.
814,2024-09-29,2025-01-17,Base every along customer kind evening apply it.
815,2024-02-07,2025-04-18,Want trouble sure probably national enough.
816,2024-01-29,2025-04-27,Investment become production community while less.
817,2024-04-08,2025-03-24,Happy process person everyone source day face parent against off.
818,2024-06-15,2025-03-24,Author business prepare its by sister community.
819,2024-02-04,2025-03-19,Bag morning pressure south two staff attack cut.
820,2024-09-11,2025-06-02,During report weight idea fly outside available produce almost article choose.
821,2024-09-02,2025-05-01,Fill positive student responsibility natural population describe go right strong tough.
822,2024-08-30,2025-02-26,Ago anything west science physical read machine old.
823,2024-08-24,2024-12-10,Indeed understand finish mention discussion alone wish.
824,2024-07-31,2025-05-02,Away always society night throughout spend east out.
825,2024-01-20,2025-07-30,Notice develop magazine hundred shoulder drug economic ever article heart represent American.
826,2023-11-08,2025-09-20,More identify some appear deep ball trouble.
827,2024-05-21,2025-05-30,It section while themselves program realize accept day large.
828,2024-01-06,2025-10-04,Sit certain term anything maintain book determine program experience two.
829,2024-03-10,2024-12-07,Black look whose model gas property chance relate structure head material case our.
830,2024-02-20,2025-04-19,Perform more support man voice color phone quite old thought rate.
831,2024-07-26,2024-12-09,Fish support check tough door across that interest almost hand beautiful.
832,2024-06-24,2025-09-07,I way including most suffer site herself nation.
833,2024-05-09,2025-08-09,Wife check world per deal paper interview small bag box teacher wait.
